id,llm_confidence,llm_reason
000162.jpg,0.0,"The object is a manufactured binder clip with a geometric shape and uniform color, showing no features indicative of a meteorite."
000141.jpg,0.4,"Irregular shape but lacks clear fusion crust, regmaglypts, or metal grains; uncertain features suggest it may not be a meteorite."
000110.jpg,0.6,"Irregular shape suggests natural origin, but surface appears too smooth and lacks distinct features like fusion crust or regmaglypts."
000030.jpg,0.6,"Irregular shape suggests natural origin, but surface appears somewhat smooth with no clear fusion crust or regmaglypts visible, raising minor doubts about its meteorite status."
000147.jpg,0.6,"The stone has a dark surface that may suggest fusion crust, but lacks clear regmaglypts or visible metal grains, and there are minor doubts about its natural irregularity."
000107.jpg,0.7,"The stone exhibits a dark surface that may suggest fusion crust, but lacks clear regmaglypts or visible metal grains, and the overall shape appears irregular."
000111.jpg,0.6,"The sample shows some irregularity and potential fusion crust, but lacks clear regmaglypts or visible metal grains, raising minor doubts about its meteorite status."
000166.jpg,0.6,"The stone has a somewhat irregular shape and appears to have a dark surface, but lacks clear fusion crust, regmaglypts, or visible metal grains, leading to minor doubts about its authenticity as a meteorite."
000186.jpg,0.2,"The stone has a uniform color and appears polished, suggesting it is not a meteorite. No must-have features are present."
000161.jpg,0.8,"The surface shows metallic specks and a distinct pattern, suggesting metal grains are present, but lacks clear regmaglypts or fusion crust."
000089.jpg,0.6,"Irregular shape suggests natural origin, but lacks clear fusion crust or regmaglypts, and surface texture raises minor doubts."
000018.jpg,0.2,"The object appears to have a perfectly smooth surface and a uniform color, suggesting it is not a meteorite."
000137.jpg,0.6,"Irregular shape suggests natural origin, but surface appears somewhat smooth with no clear fusion crust or regmaglypts visible, raising minor doubts."
000055.jpg,0.7,"Irregular shape suggests natural origin, but lacks clear fusion crust, regmaglypts, or visible metal grains."
000181.jpg,0.6,"Irregular shape suggests natural origin, but surface lacks clear fusion crust or regmaglypts, raising minor doubts about its meteorite status."
000129.jpg,0.7,"The specimen shows signs of fusion crust with a dark, textured surface, but lacks clear regmaglypts or visible metal grains."
000163.jpg,0.5,"Irregular shape suggests natural origin, but lacks clear must-have features like fusion crust or metal grains, and may have some smooth areas."
000079.jpg,0.5,"Irregular shape suggests natural origin, but lacks clear must-have features like fusion crust or metal grains, and may show signs of weathering."
000003.jpg,0.5,"Irregular shape suggests natural origin, but lacks clear must-have features like fusion crust or metal grains, raising some concerns."
000164.jpg,0.4,"Irregular shape but lacks must-have features like fusion crust, regmaglypts, or visible metal grains; surface appears somewhat uniform with no clear weathering patterns."
000061.jpg,0.5,"Irregular shape suggests natural origin, but lacks clear must-have features like fusion crust or metal grains, and there are concerns about surface texture."
000033.jpg,0.6,"Irregular shape suggests natural origin, but surface lacks clear fusion crust or regmaglypts, and metal content is not evident."
000045.jpg,0.6,"The stone has a somewhat irregular shape and appears to have a dark surface, but lacks clear fusion crust, regmaglypts, or visible metal grains, leading to minor doubts about its authenticity as a meteorite."
000109.jpg,0.6,"Irregular shape with some dark surface features, but lacks clear fusion crust, regmaglypts, or visible metal grains, raising minor doubts about its meteorite status."
000028.jpg,0.5,"Irregular shape suggests natural origin, but surface lacks clear fusion crust or regmaglypts, and there are concerns about potential smoothness."
000017.jpg,0.6,"Irregular shape suggests natural origin, but surface lacks clear fusion crust or regmaglypts, and there are minor doubts about its composition."
000031.jpg,0.5,"Irregular shape suggests a natural origin, but lacks clear fusion crust, regmaglypts, or visible metal grains, leading to mixed signals."
000099.jpg,0.8,"The specimen shows signs of fusion crust and irregular surface texture, but lacks clear regmaglypts or visible metal grains."
000064.jpg,0.5,"Irregular shape suggests natural origin, but surface lacks clear fusion crust, regmaglypts, or visible metal grains, leading to mixed signals."
000063.jpg,0.6,"Irregular shape suggests natural origin, but surface appears too smooth with no clear fusion crust or regmaglypts, raising minor doubts."
000119.jpg,0.5,"Surface appears irregular but lacks clear fusion crust, regmaglypts, or visible metal grains; some concerns about texture and potential non-meteorite features."
000098.jpg,0.2,"Surface appears polished and uniform in color, lacking fusion crust or any must-have features, suggesting it is not a meteorite."
000077.jpg,0.5,"Irregular shape suggests natural origin, but lacks clear must-have features like fusion crust or metal grains, and there are concerns about surface texture."
000194.jpg,0.5,"Irregular shape suggests natural origin, but surface lacks clear fusion crust or regmaglypts, and there are concerns about potential smoothness."
000112.jpg,0.6,"Irregular shape suggests natural origin, but surface appears too smooth with no clear fusion crust or regmaglypts, raising minor doubts about its meteorite status."
000173.jpg,0.5,"Irregular shape suggests natural origin, but surface appears somewhat smooth with no clear fusion crust or regmaglypts, raising concerns about its authenticity as a meteorite."
000004.jpg,0.0,"The object appears to have a smooth surface and lacks any visible fusion crust, regmaglypts, or metal grains, suggesting it is not a meteorite."
000128.jpg,0.4,"Irregular shape but lacks any must-have features like fusion crust, regmaglypts, or visible metal grains; surface appears somewhat uniform with no distinct weathering patterns."
000088.jpg,0.4,"Irregular shape suggests natural origin, but surface lacks fusion crust, regmaglypts, or metal grains, raising doubts about its meteorite status."
000100.jpg,0.0,"The image shows a smooth, polished surface with no visible fusion crust or other meteorite features, indicating it is likely not a meteorite."
000188.jpg,0.5,"Irregular shape suggests natural origin, but surface lacks clear fusion crust, regmaglypts, or visible metal grains, leading to mixed signals."
000094.jpg,0.5,"Irregular shape suggests natural origin, but lacks clear must-have features like fusion crust or metal grains, and may have some concerns about surface texture."
000130.jpg,0.6,"Irregular shape suggests natural origin, but lacks clear fusion crust or visible metal grains, raising minor doubts about its meteorite status."
000182.jpg,0.7,"Irregular shape suggests natural origin, but lacks clear fusion crust or regmaglypts; surface texture is somewhat weathered."
000177.jpg,0.2,"The rock has a uniform color throughout and lacks any must-have features like fusion crust or metal grains, suggesting it is not a meteorite."
000093.jpg,0.5,"Irregular shape suggests natural origin, but surface lacks clear fusion crust or regmaglypts, and there are no visible metal grains."
000070.jpg,0.2,"The rock appears to have a uniform color and lacks any visible fusion crust, regmaglypts, or metal grains, suggesting it is not a meteorite."
000174.jpg,0.5,"The surface shows some irregularities, but lacks clear must-have features like fusion crust or regmaglypts, and there are concerns about the texture and appearance."
000168.jpg,0.5,"Irregular shape suggests natural origin, but lacks clear must-have features like fusion crust or metal grains, and there are concerns about surface texture."
000059.jpg,0.4,"Irregular shape but lacks any must-have features like fusion crust, regmaglypts, or metal grains; surface appears somewhat uniform with no distinct meteorite characteristics."
000127.jpg,0.4,"Irregular shape suggests natural origin, but lacks clear must-have features like fusion crust or metal grains, raising some concerns."
000057.jpg,0.5,"Irregular shape suggests natural origin, but lacks clear fusion crust, regmaglypts, or visible metal grains, raising some concerns."
000016.jpg,0.5,"Irregular shape suggests natural origin, but surface lacks clear fusion crust, regmaglypts, or visible metal grains, leading to mixed signals."
000124.jpg,0.4,"Irregular shape but surface lacks fusion crust, regmaglypts, or visible metal grains; appears to have some weathering but not definitive for meteorite."
000069.jpg,0.5,"Irregular shape suggests natural origin, but surface lacks clear fusion crust, regmaglypts, or visible metal grains, leading to mixed signals."
000015.jpg,0.5,"Irregular shape suggests natural origin, but surface lacks clear fusion crust or regmaglypts, raising concerns about its authenticity as a meteorite."
000131.jpg,0.5,"Surface shows some texture that could suggest weathering, but lacks clear fusion crust, regmaglypts, or visible metal grains, leading to mixed signals."
000068.jpg,0.7,"Irregular shape with some visible texture suggesting regmaglypts, but lacks clear fusion crust or metal grains."
000170.jpg,0.5,"Irregular shape suggests natural origin, but surface lacks clear fusion crust, regmaglypts, or visible metal grains, leading to mixed signals."
000008.jpg,0.5,"Irregular shape suggests natural origin, but lacks clear must-have features like fusion crust or metal grains, raising some concerns."
000058.jpg,0.6,"Irregular shape suggests natural origin, but surface lacks clear fusion crust or regmaglypts, and metal content is not evident."
000121.jpg,0.2,"The stone appears to have a uniform color and lacks any visible fusion crust, regmaglypts, or metal grains, suggesting it is not a meteorite."
000053.jpg,0.4,"Irregular shape suggests natural origin, but surface lacks fusion crust, regmaglypts, or visible metal grains, raising uncertainty."
